SlNo,State_Code,State,District_Key,District,Confirmed,Active,Recovered,Deceased,Migrated_Other,Delta_Confirmed,Delta_Active,Delta_Recovered,Delta_Deceased,District_Notes,Last_Updated
0,UN,State Unassigned,UN_Unassigned,Unassigned,681,681,0,0,0,-754,-754,0,0,,
1,AN,Andaman and Nicobar Islands,AN_Nicobars,Nicobars,0,0,0,0,0,0,0,0,0,,
2,AN,Andaman and Nicobar Islands,AN_North and Middle Andaman,North and Middle Andaman,1,0,1,0,0,0,0,0,0,,
3,AN,Andaman and Nicobar Islands,AN_South Andaman,South Andaman,51,19,32,0,0,0,0,0,0,,
0,AP,Andhra Pradesh,AP_Foreign Evacuees,Foreign Evacuees,434,53,381,0,0,2,-7,9,0,,
4,AP,Andhra Pradesh,AP_Anantapur,Anantapur,4284,1726,2500,58,0,297,195,96,6,,
5,AP,Andhra Pradesh,AP_Chittoor,Chittoor,3864,2459,1362,43,0,328,264,59,5,,
6,AP,Andhra Pradesh,AP_East Godavari,East Godavari,4505,3339,1132,34,0,643,588,50,5,,
7,AP,Andhra Pradesh,AP_Guntur,Guntur,4330,2186,2105,39,0,367,160,203,4,,
8,AP,Andhra Pradesh,AP_Krishna,Krishna,3021,827,2108,86,0,37,-45,81,1,,
9,AP,Andhra Pradesh,AP_Kurnool,Kurnool,5131,2691,2324,116,0,315,274,39,2,,
0,AP,Andhra Pradesh,AP_Other State,Other State,2461,356,2105,0,0,8,-51,59,0,,
10,AP,Andhra Pradesh,AP_Prakasam,Prakasam,1448,347,1075,26,0,53,11,37,5,,
11,AP,Andhra Pradesh,AP_S.P.S. Nellore,S.P.S. Nellore,1717,923,776,18,0,127,113,12,2,,
12,AP,Andhra Pradesh,AP_Srikakulam,Srikakulam,1852,1239,597,16,0,149,104,45,0,,
13,AP,Andhra Pradesh,AP_Visakhapatnam,Visakhapatnam,1716,513,1175,28,0,23,-74,94,3,,
14,AP,Andhra Pradesh,AP_Vizianagaram,Vizianagaram,1071,770,288,13,0,89,47,40,2,,
15,AP,Andhra Pradesh,AP_West Godavari,West Godavari,2537,1403,1098,36,0,109,91,14,4,,
16,AP,Andhra Pradesh,AP_Y.S.R. Kadapa,Y.S.R. Kadapa,2275,982,1272,21,0,55,-15,67,3,,
17,AR,Arunachal Pradesh,AR_Anjaw,Anjaw,4,4,0,0,0,0,0,0,0,,
18,AR,Arunachal Pradesh,AR_Changlang,Changlang,111,33,78,0,0,0,0,0,0,,
19,AR,Arunachal Pradesh,AR_East Kameng,East Kameng,2,2,0,0,0,0,0,0,0,,
20,AR,Arunachal Pradesh,AR_East Siang,East Siang,29,19,10,0,0,0,0,0,0,,
21,AR,Arunachal Pradesh,AR_Kamle,Kamle,0,0,0,0,0,0,0,0,0,,
22,AR,Arunachal Pradesh,AR_Kra Daadi,Kra Daadi,0,0,0,0,0,0,0,0,0,,
23,AR,Arunachal Pradesh,AR_Kurung Kumey,Kurung Kumey,0,0,0,0,0,0,0,0,0,,
24,AR,Arunachal Pradesh,AR_Lepa Rada,Lepa Rada,10,9,1,0,0,0,0,0,0,,
25,AR,Arunachal Pradesh,AR_Lohit,Lohit,4,0,4,0,0,0,0,0,0,,
26,AR,Arunachal Pradesh,AR_Longding,Longding,5,3,2,0,0,0,0,0,0,,
27,AR,Arunachal Pradesh,AR_Lower Dibang Valley,Lower Dibang Valley,5,2,3,0,0,0,0,0,0,,
28,AR,Arunachal Pradesh,AR_Lower Siang,Lower Siang,5,3,2,0,0,0,0,0,0,,
29,AR,Arunachal Pradesh,AR_Lower Subansiri,Lower Subansiri,12,12,0,0,0,0,0,0,0,,
30,AR,Arunachal Pradesh,AR_Namsai,Namsai,38,30,8,0,0,0,0,0,0,,
31,AR,Arunachal Pradesh,AR_Pakke Kessang,Pakke Kessang,1,0,1,0,0,0,0,0,0,,
32,AR,Arunachal Pradesh,AR_Papum Pare,Papum Pare,274,249,24,1,0,0,0,0,0,,
33,AR,Arunachal Pradesh,AR_Shi Yomi,Shi Yomi,0,0,0,0,0,0,0,0,0,,
34,AR,Arunachal Pradesh,AR_Siang,Siang,1,1,0,0,0,0,0,0,0,,
35,AR,Arunachal Pradesh,AR_Tawang,Tawang,1,0,1,0,0,0,0,0,0,,
36,AR,Arunachal Pradesh,AR_Tirap,Tirap,6,1,5,0,0,0,0,0,0,,
37,AR,Arunachal Pradesh,AR_Upper Dibang Valley,Upper Dibang Valley,0,0,0,0,0,0,0,0,0,,
38,AR,Arunachal Pradesh,AR_Upper Siang,Upper Siang,1,0,1,0,0,0,0,0,0,,
39,AR,Arunachal Pradesh,AR_Upper Subansiri,Upper Subansiri,4,4,0,0,0,0,0,0,0,,
40,AR,Arunachal Pradesh,AR_West Kameng,West Kameng,28,15,11,2,0,0,0,0,0,,
41,AR,Arunachal Pradesh,AR_West Siang,West Siang,2,0,2,0,0,0,0,0,0,,
0,AS,Assam,AS_Airport Quarantine,Airport Quarantine,4,4,0,0,0,0,0,0,0,,
42,AS,Assam,AS_Baksa,Baksa,85,83,0,2,0,0,0,0,0,,
43,AS,Assam,AS_Barpeta,Barpeta,467,126,340,1,0,0,0,0,0,,
44,AS,Assam,AS_Biswanath,Biswanath,58,42,16,0,0,0,0,0,0,,
45,AS,Assam,AS_Bongaigaon,Bongaigaon,155,68,87,0,0,0,0,0,0,,
46,AS,Assam,AS_Cachar,Cachar,351,102,249,0,0,0,0,0,0,,
47,AS,Assam,AS_Charaideo,Charaideo,16,16,0,0,0,0,0,0,0,,
48,AS,Assam,AS_Chirang,Chirang,78,26,52,0,0,0,0,0,0,,
49,AS,Assam,AS_Darrang,Darrang,430,169,261,0,0,0,0,0,0,,
50,AS,Assam,AS_Dhemaji,Dhemaji,96,90,6,0,0,0,0,0,0,,
51,AS,Assam,AS_Dhubri,Dhubri,490,80,410,0,0,0,0,0,0,,
52,AS,Assam,AS_Dibrugarh,Dibrugarh,334,177,156,1,0,0,0,0,0,,
53,AS,Assam,AS_Dima Hasao,Dima Hasao,136,20,116,0,0,0,0,0,0,,
54,AS,Assam,AS_Goalpara,Goalpara,57,38,4,0,0,0,0,0,0,,
55,AS,Assam,AS_Golaghat,Golaghat,616,62,553,1,0,0,0,0,0,,
56,AS,Assam,AS_Hailakandi,Hailakandi,540,157,381,2,0,0,0,0,0,,
57,AS,Assam,AS_Hojai,Hojai,267,104,163,0,0,0,0,0,0,,
58,AS,Assam,AS_Jorhat,Jorhat,228,117,110,1,0,0,0,0,0,,
59,AS,Assam,AS_Kamrup,Kamrup,215,150,63,2,0,0,0,0,0,,
60,AS,Assam,AS_Kamrup Metropolitan,Kamrup Metropolitan,9430,4817,4587,26,0,0,0,0,0,,
61,AS,Assam,AS_Karbi Anglong,Karbi Anglong,223,33,187,3,0,0,0,0,0,,
62,AS,Assam,AS_Karimganj,Karimganj,211,70,141,0,0,0,0,0,0,,
63,AS,Assam,AS_Kokrajhar,Kokrajhar,86,76,10,0,0,0,0,0,0,,
64,AS,Assam,AS_Lakhimpur,Lakhimpur,202,77,125,0,0,0,0,0,0,,
65,AS,Assam,AS_Majuli,Majuli,21,21,0,0,0,0,0,0,0,,
66,AS,Assam,AS_Morigaon,Morigaon,211,71,140,0,0,0,0,0,0,,
67,AS,Assam,AS_Nagaon,Nagaon,330,221,107,2,0,0,0,0,0,,
68,AS,Assam,AS_Nalbari,Nalbari,145,102,43,0,0,0,0,0,0,,
0,AS,Assam,AS_Other State,Other State,1,0,1,0,0,0,0,0,0,,
69,AS,Assam,AS_Sivasagar,Sivasagar,33,6,26,1,0,0,0,0,0,,
70,AS,Assam,AS_Sonitpur,Sonitpur,468,136,331,1,0,0,0,0,0,,
71,AS,Assam,AS_South Salmara Mankachar,South Salmara Mankachar,28,16,12,0,0,0,0,0,0,,
72,AS,Assam,AS_Tinsukia,Tinsukia,291,180,109,2,0,0,0,0,0,,
73,AS,Assam,AS_Udalguri,Udalguri,236,25,210,1,0,0,0,0,0,,
74,AS,Assam,AS_West Karbi Anglong,West Karbi Anglong,28,28,0,0,0,0,0,0,0,,
75,BR,Bihar,BR_Araria,Araria,223,68,153,2,0,10,6,4,0,,
76,BR,Bihar,BR_Arwal,Arwal,229,78,150,1,0,12,3,9,0,,
77,BR,Bihar,BR_Aurangabad,Aurangabad,359,27,330,2,0,9,9,0,0,,
78,BR,Bihar,BR_Banka,Banka,336,68,267,1,0,1,-2,2,1,,
79,BR,Bihar,BR_Begusarai,Begusarai,1066,474,585,7,0,28,-37,65,0,,
80,BR,Bihar,BR_Bhagalpur,Bhagalpur,1455,618,821,16,0,141,77,62,2,,
81,BR,Bihar,BR_Bhojpur,Bhojpur,541,178,359,4,0,55,39,16,0,,
82,BR,Bihar,BR_Buxar,Buxar,391,131,260,0,0,17,9,8,0,,
83,BR,Bihar,BR_Darbhanga,Darbhanga,462,67,385,10,0,11,8,3,0,,
101,BR,Bihar,BR_East Champaran,East Champaran,550,73,470,7,0,22,-48,70,0,,
84,BR,Bihar,BR_Gaya,Gaya,632,262,359,11,0,25,-4,28,1,,
85,BR,Bihar,BR_Gopalganj,Gopalganj,562,131,430,1,0,28,5,23,0,,
86,BR,Bihar,BR_Jamui,Jamui,298,178,119,1,0,3,0,3,0,,
87,BR,Bihar,BR_Jehanabad,Jehanabad,399,88,308,3,0,10,5,5,0,,
88,BR,Bihar,BR_Kaimur,Kaimur,287,50,234,3,0,5,4,1,0,,
89,BR,Bihar,BR_Katihar,Katihar,568,77,489,2,0,27,-3,29,1,,
90,BR,Bihar,BR_Khagaria,Khagaria,628,221,403,4,0,53,9,44,0,,
91,BR,Bihar,BR_Kishanganj,Kishanganj,281,56,223,2,0,8,-2,10,0,,
92,BR,Bihar,BR_Lakhisarai,Lakhisarai,362,151,211,0,0,52,13,39,0,,
93,BR,Bihar,BR_Madhepura,Madhepura,308,59,248,1,0,8,-3,11,0,,
94,BR,Bihar,BR_Madhubani,Madhubani,680,106,572,2,0,12,-3,15,0,,
95,BR,Bihar,BR_Munger,Munger,817,327,485,5,0,58,14,44,0,,
96,BR,Bihar,BR_Muzaffarpur,Muzaffarpur,996,349,639,8,0,28,-15,43,0,,
97,BR,Bihar,BR_Nalanda,Nalanda,923,472,444,7,0,134,130,4,0,,
98,BR,Bihar,BR_Nawada,Nawada,799,300,495,4,0,73,14,59,0,,
100,BR,Bihar,BR_Patna,Patna,3245,1574,1643,28,0,365,259,105,1,,
102,BR,Bihar,BR_Purnia,Purnia,464,85,377,2,0,32,26,6,0,,
103,BR,Bihar,BR_Rohtas,Rohtas,641,203,432,6,0,76,69,7,0,,
104,BR,Bihar,BR_Saharsa,Saharsa,347,52,294,1,0,5,-4,9,0,,
105,BR,Bihar,BR_Samastipur,Samastipur,613,158,448,7,0,44,24,20,0,,
106,BR,Bihar,BR_Saran,Saran,531,158,367,6,0,67,42,25,0,,
107,BR,Bihar,BR_Sheikhpura,Sheikhpura,257,76,181,0,0,14,1,13,0,,
108,BR,Bihar,BR_Sheohar,Sheohar,140,25,114,1,0,7,1,6,0,,
109,BR,Bihar,BR_Sitamarhi,Sitamarhi,205,41,161,3,0,9,-4,13,0,,
110,BR,Bihar,BR_Siwan,Siwan,1065,544,515,6,0,146,145,1,0,,
111,BR,Bihar,BR_Supaul,Supaul,437,77,360,0,0,23,7,16,0,,
112,BR,Bihar,BR_Vaishali,Vaishali,469,132,333,4,0,21,-55,76,0,,
99,BR,Bihar,BR_West Champaran,West Champaran,734,396,333,5,0,103,101,2,0,,
113,CH,Chandigarh,CH_Chandigarh,Chandigarh,660,169,480,11,0,25,21,4,0,,
0,CT,Chhattisgarh,CT_Other State,Other State,5,3,1,1,0,0,0,0,0,,
114,CT,Chhattisgarh,CT_Balod,Balod,68,13,55,0,0,0,0,0,0,,
115,CT,Chhattisgarh,CT_Baloda Bazar,Baloda Bazar,300,41,259,0,0,0,0,0,0,,
116,CT,Chhattisgarh,CT_Balrampur,Balrampur,164,17,147,0,0,0,0,0,0,,
117,CT,Chhattisgarh,CT_Bametara,Bametara,100,23,77,0,0,0,0,0,0,,
118,CT,Chhattisgarh,CT_Bastar,Bastar,65,3,61,1,0,0,0,0,0,,
119,CT,Chhattisgarh,CT_Bijapur,Bijapur,18,12,6,0,0,0,0,0,0,,
120,CT,Chhattisgarh,CT_Bilaspur,Bilaspur,350,98,250,2,0,0,0,0,0,,
121,CT,Chhattisgarh,CT_Dakshin Bastar Dantewada,Dakshin Bastar Dantewada,59,14,45,0,0,0,0,0,0,,
122,CT,Chhattisgarh,CT_Dhamtari,Dhamtari,24,16,7,1,0,0,0,0,0,,
123,CT,Chhattisgarh,CT_Durg,Durg,264,88,172,4,0,0,0,0,0,,
124,CT,Chhattisgarh,CT_Gariaband,Gariaband,60,12,48,0,0,0,0,0,0,,
125,CT,Chhattisgarh,CT_Janjgir Champa,Janjgir Champa,317,56,259,2,0,0,0,0,0,,
126,CT,Chhattisgarh,CT_Jashpur,Jashpur,197,8,189,0,0,0,0,0,0,,
127,CT,Chhattisgarh,CT_Kabeerdham,Kabeerdham,133,23,110,0,0,0,0,0,0,,
128,CT,Chhattisgarh,CT_Kondagaon,Kondagaon,14,9,5,0,0,0,0,0,0,,
129,CT,Chhattisgarh,CT_Korba,Korba,349,21,328,0,0,0,0,0,0,,
130,CT,Chhattisgarh,CT_Koriya,Koriya,78,15,63,0,0,0,0,0,0,,
131,CT,Chhattisgarh,CT_Mahasamund,Mahasamund,92,2,89,1,0,0,0,0,0,,
132,CT,Chhattisgarh,CT_Mungeli,Mungeli,132,9,123,0,0,0,0,0,0,,
133,CT,Chhattisgarh,CT_Narayanpur,Narayanpur,135,96,39,0,0,0,0,0,0,,
134,CT,Chhattisgarh,CT_Raigarh,Raigarh,153,10,141,2,0,0,0,0,0,,
135,CT,Chhattisgarh,CT_Raipur,Raipur,975,509,462,4,0,0,0,0,0,,
136,CT,Chhattisgarh,CT_Rajnandgaon,Rajnandgaon,414,82,330,2,0,0,0,0,0,,
137,CT,Chhattisgarh,CT_Sukma,Sukma,25,18,7,0,0,0,0,0,0,,
138,CT,Chhattisgarh,CT_Surajpur,Surajpur,32,3,29,0,0,0,0,0,0,,
139,CT,Chhattisgarh,CT_Surguja,Surguja,130,62,67,1,0,0,0,0,0,,
140,CT,Chhattisgarh,CT_Uttar Bastar Kanker,Uttar Bastar Kanker,92,16,76,0,0,0,0,0,0,,
766,CT,Chhattisgarh,CT_Gaurela Pendra Marwahi,Gaurela Pendra Marwahi,9,3,6,0,0,0,0,0,0,,
144,DL,Delhi,DL_Central Delhi,Central Delhi,184,184,0,0,0,0,0,0,0,,
145,DL,Delhi,DL_East Delhi,East Delhi,38,38,0,0,0,0,0,0,0,,
146,DL,Delhi,DL_New Delhi,New Delhi,37,37,0,0,0,0,0,0,0,,
147,DL,Delhi,DL_North Delhi,North Delhi,60,60,0,0,0,0,0,0,0,,
148,DL,Delhi,DL_North East Delhi,North East Delhi,25,25,0,0,0,0,0,0,0,,
149,DL,Delhi,DL_North West Delhi,North West Delhi,32,31,0,1,0,0,0,0,0,,
150,DL,Delhi,DL_Shahdara,Shahdara,48,48,0,0,0,0,0,0,0,,
151,DL,Delhi,DL_South Delhi,South Delhi,70,70,0,0,0,0,0,0,0,,
152,DL,Delhi,DL_South East Delhi,South East Delhi,130,130,0,0,0,0,0,0,0,,
153,DL,Delhi,DL_South West Delhi,South West Delhi,42,42,0,0,0,0,0,0,0,,
154,DL,Delhi,DL_West Delhi,West Delhi,122,122,0,0,0,0,0,0,0,,
0,DN,Dadra and Nagar Haveli and Daman and Diu,DN_Other State,Other State,0,0,0,0,0,0,0,0,0,,
141,DN,Dadra and Nagar Haveli and Daman and Diu,DN_Dadra and Nagar Haveli,Dadra and Nagar Haveli,250,69,177,1,3,0,0,0,0,,
142,DN,Dadra and Nagar Haveli and Daman and Diu,DN_Daman,Daman,300,98,200,1,1,0,0,0,0,,
143,DN,Dadra and Nagar Haveli and Daman and Diu,DN_Diu,Diu,26,8,15,0,3,0,0,0,0,,
0,GA,Goa,GA_Other State,Other State,155,128,27,0,0,0,0,0,0,"Travelled by Road,Train,Flight",
155,GA,Goa,GA_North Goa,North Goa,704,395,306,3,0,0,0,0,0,,
156,GA,Goa,GA_South Goa,South Goa,1498,749,733,16,0,0,0,0,0,,
0,GJ,Gujarat,GJ_Other State,Other State,86,14,71,1,0,0,0,0,0,,
157,GJ,Gujarat,GJ_Ahmedabad,Ahmedabad,23780,3621,18627,1532,0,0,0,0,0,,
158,GJ,Gujarat,GJ_Amreli,Amreli,200,98,93,9,0,0,0,0,0,,
159,GJ,Gujarat,GJ_Anand,Anand,334,26,295,13,0,0,0,0,0,,
160,GJ,Gujarat,GJ_Aravalli,Aravalli,262,19,219,24,0,0,0,0,0,,
161,GJ,Gujarat,GJ_Banaskantha,Banaskantha,394,74,304,16,0,0,0,0,0,,
162,GJ,Gujarat,GJ_Bharuch,Bharuch,501,203,287,11,0,0,0,0,0,,
163,GJ,Gujarat,GJ_Bhavnagar,Bhavnagar,798,546,237,15,0,0,0,0,0,,
164,GJ,Gujarat,GJ_Botad,Botad,135,45,87,3,0,0,0,0,0,,
165,GJ,Gujarat,GJ_Chhota Udaipur,Chhota Udaipur,91,33,56,2,0,0,0,0,0,,
167,GJ,Gujarat,GJ_Dahod,Dahod,199,136,61,2,0,0,0,0,0,,
187,GJ,Gujarat,GJ_Dang,Dang,7,3,4,0,0,0,0,0,0,,
166,GJ,Gujarat,GJ_Devbhumi Dwarka,Devbhumi Dwarka,29,3,23,3,0,0,0,0,0,,
168,GJ,Gujarat,GJ_Gandhinagar,Gandhinagar,1001,277,689,35,0,0,0,0,0,,
169,GJ,Gujarat,GJ_Gir Somnath,Gir Somnath,155,100,54,1,0,0,0,0,0,,
170,GJ,Gujarat,GJ_Jamnagar,Jamnagar,405,192,204,9,0,0,0,0,0,,
171,GJ,Gujarat,GJ_Junagadh,Junagadh,465,169,290,6,0,0,0,0,0,,
173,GJ,Gujarat,GJ_Kheda,Kheda,379,130,234,15,0,0,0,0,0,,
172,GJ,Gujarat,GJ_Kutch,Kutch,284,114,163,7,0,0,0,0,0,,
175,GJ,Gujarat,GJ_Mahisagar,Mahisagar,197,61,134,2,0,0,0,0,0,,
174,GJ,Gujarat,GJ_Mehsana,Mehsana,502,265,222,15,0,0,0,0,0,,
176,GJ,Gujarat,GJ_Morbi,Morbi,127,65,58,4,0,0,0,0,0,,
177,GJ,Gujarat,GJ_Narmada,Narmada,121,25,96,0,0,0,0,0,0,,
178,GJ,Gujarat,GJ_Navsari,Navsari,298,134,162,2,0,0,0,0,0,,
179,GJ,Gujarat,GJ_Panchmahal,Panchmahal,269,45,209,15,0,0,0,0,0,,
180,GJ,Gujarat,GJ_Patan,Patan,313,58,236,19,0,0,0,0,0,,
181,GJ,Gujarat,GJ_Porbandar,Porbandar,30,6,22,2,0,0,0,0,0,,
182,GJ,Gujarat,GJ_Rajkot,Rajkot,818,530,270,18,0,0,0,0,0,,
183,GJ,Gujarat,GJ_Sabarkantha,Sabarkantha,283,91,184,8,0,0,0,0,0,,
184,GJ,Gujarat,GJ_Surat,Surat,8907,3046,5627,234,0,0,0,0,0,,
185,GJ,Gujarat,GJ_Surendranagar,Surendranagar,400,246,144,10,0,0,0,0,0,,
186,GJ,Gujarat,GJ_Tapi,Tapi,53,14,39,0,0,0,0,0,0,,
188,GJ,Gujarat,GJ_Vadodara,Vadodara,3353,695,2606,52,0,0,0,0,0,,
189,GJ,Gujarat,GJ_Valsad,Valsad,391,219,167,5,0,0,0,0,0,,
212,HP,Himachal Pradesh,HP_Bilaspur,Bilaspur,63,22,41,0,0,0,0,0,0,,
213,HP,Himachal Pradesh,HP_Chamba,Chamba,78,23,54,0,1,7,7,0,0,,
214,HP,Himachal Pradesh,HP_Hamirpur,Hamirpur,278,13,262,3,0,0,0,0,0,,
215,HP,Himachal Pradesh,HP_Kangra,Kangra,319,42,274,3,0,0,0,0,0,Death of Tibetan refugee on March 22 included in Kangra district's tally,
216,HP,Himachal Pradesh,HP_Kinnaur,Kinnaur,36,15,21,0,0,0,-14,14,0,,
217,HP,Himachal Pradesh,HP_Kullu,Kullu,14,7,7,0,0,0,0,0,0,,
218,HP,Himachal Pradesh,HP_Lahaul and Spiti,Lahaul and Spiti,4,0,4,0,0,0,0,0,0,,
219,HP,Himachal Pradesh,HP_Mandi,Mandi,44,12,30,2,0,0,0,0,0,,
220,HP,Himachal Pradesh,HP_Shimla,Shimla,63,19,41,2,1,0,0,0,0,,
221,HP,Himachal Pradesh,HP_Sirmaur,Sirmaur,48,8,33,0,7,0,0,0,0,,
222,HP,Himachal Pradesh,HP_Solan,Solan,286,178,104,0,4,0,0,0,0,,
223,HP,Himachal Pradesh,HP_Una,Una,151,37,114,0,0,0,0,0,0,,
0,HR,Haryana,HR_Foreign Evacuees,Foreign Evacuees,21,0,21,0,0,0,0,0,0,,
190,HR,Haryana,HR_Ambala,Ambala,736,291,439,6,0,0,0,0,0,,
191,HR,Haryana,HR_Bhiwani,Bhiwani,697,109,583,5,0,0,0,0,0,,
192,HR,Haryana,HR_Charkhi Dadri,Charkhi Dadri,101,21,79,1,0,0,0,0,0,,
193,HR,Haryana,HR_Faridabad,Faridabad,6051,1086,4861,104,0,0,0,0,0,,
194,HR,Haryana,HR_Fatehabad,Fatehabad,193,61,131,1,0,0,0,0,0,,
195,HR,Haryana,HR_Gurugram,Gurugram,7350,1042,6198,110,0,0,0,0,0,,
196,HR,Haryana,HR_Hisar,Hisar,530,239,284,7,0,0,0,0,0,,
0,HR,Haryana,HR_Italians,Italians,14,0,14,0,0,0,0,0,0,,
197,HR,Haryana,HR_Jhajjar,Jhajjar,557,153,399,5,0,0,0,0,0,,
198,HR,Haryana,HR_Jind,Jind,158,37,117,4,0,0,0,0,0,,
199,HR,Haryana,HR_Kaithal,Kaithal,167,50,117,0,0,0,0,0,0,,
200,HR,Haryana,HR_Karnal,Karnal,563,155,400,8,0,0,0,0,0,,
201,HR,Haryana,HR_Kurukshetra,Kurukshetra,223,58,164,1,0,0,0,0,0,,
202,HR,Haryana,HR_Mahendragarh,Mahendragarh,535,228,306,1,0,0,0,0,0,,
203,HR,Haryana,HR_Nuh,Nuh,367,96,267,4,0,0,0,0,0,,
204,HR,Haryana,HR_Palwal,Palwal,580,134,440,6,0,0,0,0,0,,
205,HR,Haryana,HR_Panchkula,Panchkula,197,75,122,0,0,0,0,0,0,,
206,HR,Haryana,HR_Panipat,Panipat,459,178,271,10,0,0,0,0,0,,
207,HR,Haryana,HR_Rewari,Rewari,819,350,463,6,0,0,0,0,0,,
208,HR,Haryana,HR_Rohtak,Rohtak,1078,373,689,16,0,0,0,0,0,,
209,HR,Haryana,HR_Sirsa,Sirsa,239,90,148,1,0,0,0,0,0,,
210,HR,Haryana,HR_Sonipat,Sonipat,2229,642,1563,24,0,0,0,0,0,,
211,HR,Haryana,HR_Yamunanagar,Yamunanagar,138,27,109,2,0,0,0,0,0,,
246,JH,Jharkhand,JH_Bokaro,Bokaro,93,46,45,2,0,0,0,0,0,,
247,JH,Jharkhand,JH_Chatra,Chatra,145,88,57,0,0,0,0,0,0,,
248,JH,Jharkhand,JH_Deoghar,Deoghar,89,39,49,1,0,0,0,0,0,,
249,JH,Jharkhand,JH_Dhanbad,Dhanbad,336,151,178,7,0,0,0,0,0,,
250,JH,Jharkhand,JH_Dumka,Dumka,30,18,12,0,0,0,0,0,0,,
264,JH,Jharkhand,JH_East Singhbhum,East Singhbhum,757,408,343,6,0,20,20,0,0,,
251,JH,Jharkhand,JH_Garhwa,Garhwa,214,117,97,0,0,0,0,0,0,,
252,JH,Jharkhand,JH_Giridih,Giridih,178,78,96,4,0,0,0,0,0,,
253,JH,Jharkhand,JH_Godda,Godda,34,25,8,1,0,0,0,0,0,,
254,JH,Jharkhand,JH_Gumla,Gumla,137,38,98,1,0,0,0,0,0,,
255,JH,Jharkhand,JH_Hazaribagh,Hazaribagh,387,186,197,4,0,0,0,0,0,,
256,JH,Jharkhand,JH_Jamtara,Jamtara,39,11,28,0,0,0,0,0,0,,
257,JH,Jharkhand,JH_Khunti,Khunti,38,6,31,1,0,0,0,0,0,,
258,JH,Jharkhand,JH_Koderma,Koderma,335,135,198,2,0,0,0,0,0,,
259,JH,Jharkhand,JH_Latehar,Latehar,141,86,55,0,0,0,0,0,0,,
260,JH,Jharkhand,JH_Lohardaga,Lohardaga,129,71,58,0,0,0,0,0,0,,
261,JH,Jharkhand,JH_Pakur,Pakur,109,78,31,0,0,0,0,0,0,,
262,JH,Jharkhand,JH_Palamu,Palamu,114,24,90,0,0,0,0,0,0,,
265,JH,Jharkhand,JH_Ramgarh,Ramgarh,228,96,132,0,0,0,0,0,0,,
266,JH,Jharkhand,JH_Ranchi,Ranchi,606,384,213,9,0,0,0,0,0,,
267,JH,Jharkhand,JH_Sahibganj,Sahibganj,60,39,19,2,0,0,0,0,0,,
268,JH,Jharkhand,JH_Saraikela-Kharsawan,Saraikela-Kharsawan,113,53,60,0,0,2,2,0,0,,
269,JH,Jharkhand,JH_Simdega,Simdega,381,22,358,1,0,0,0,0,0,,
263,JH,Jharkhand,JH_West Singhbhum,West Singhbhum,112,51,60,1,0,0,0,0,0,,
224,JK,Jammu and Kashmir,JK_Anantnag,Anantnag,939,284,638,17,0,0,0,0,0,,
226,JK,Jammu and Kashmir,JK_Bandipora,Bandipora,421,105,313,3,0,0,0,0,0,,
227,JK,Jammu and Kashmir,JK_Baramulla,Baramulla,1399,774,577,48,0,0,0,0,0,,
225,JK,Jammu and Kashmir,JK_Budgam,Budgam,662,306,340,16,0,0,0,0,0,,
228,JK,Jammu and Kashmir,JK_Doda,Doda,154,70,82,2,0,0,0,0,0,,
229,JK,Jammu and Kashmir,JK_Ganderbal,Ganderbal,222,118,100,4,0,0,0,0,0,,
230,JK,Jammu and Kashmir,JK_Jammu,Jammu,553,176,366,11,0,0,0,0,0,,
231,JK,Jammu and Kashmir,JK_Kathua,Kathua,328,97,230,1,0,0,0,0,0,,
232,JK,Jammu and Kashmir,JK_Kishtwar,Kishtwar,58,31,27,0,0,0,0,0,0,,
233,JK,Jammu and Kashmir,JK_Kulgam,Kulgam,1097,395,679,23,0,0,0,0,0,,
234,JK,Jammu and Kashmir,JK_Kupwara,Kupwara,818,282,523,13,0,0,0,0,0,,
235,JK,Jammu and Kashmir,JK_Mirpur,Mirpur,0,0,0,0,0,0,0,0,0,,
236,JK,Jammu and Kashmir,JK_Muzaffarabad,Muzaffarabad,0,0,0,0,0,0,0,0,0,,
237,JK,Jammu and Kashmir,JK_Pulwama,Pulwama,774,378,388,8,0,0,0,0,0,,
238,JK,Jammu and Kashmir,JK_Punch,Punch,148,26,121,1,0,0,0,0,0,,
239,JK,Jammu and Kashmir,JK_Rajouri,Rajouri,321,222,98,1,0,0,0,0,0,,
240,JK,Jammu and Kashmir,JK_Ramban,Ramban,277,68,209,0,0,0,0,0,0,,
241,JK,Jammu and Kashmir,JK_Reasi,Reasi,60,21,39,0,0,0,0,0,0,,
242,JK,Jammu and Kashmir,JK_Samba,Samba,301,155,145,1,0,0,0,0,0,,
243,JK,Jammu and Kashmir,JK_Shopiyan,Shopiyan,972,235,720,17,0,0,0,0,0,,
244,JK,Jammu and Kashmir,JK_Srinagar,Srinagar,2345,1724,566,55,0,0,0,0,0,,
245,JK,Jammu and Kashmir,JK_Udhampur,Udhampur,307,21,285,1,0,0,0,0,0,,
270,KA,Karnataka,KA_Bagalkote,Bagalkote,587,347,215,25,0,0,0,0,0,,
271,KA,Karnataka,KA_Ballari,Ballari,2067,869,1147,51,0,0,0,0,0,,
272,KA,Karnataka,KA_Belagavi,Belagavi,694,300,377,17,0,0,0,0,0,,
274,KA,Karnataka,KA_Bengaluru Rural,Bengaluru Rural,440,387,46,7,0,0,0,0,0,,
273,KA,Karnataka,KA_Bengaluru Urban,Bengaluru Urban,25286,18825,5953,507,1,0,0,0,0,,
275,KA,Karnataka,KA_Bidar,Bidar,1191,465,670,56,0,0,0,0,0,,
276,KA,Karnataka,KA_Chamarajanagara,Chamarajanagara,212,93,116,3,0,0,0,0,0,,
277,KA,Karnataka,KA_Chikkaballapura,Chikkaballapura,567,289,262,15,1,0,0,0,0,,
278,KA,Karnataka,KA_Chikkamagaluru,Chikkamagaluru,200,66,127,7,0,0,0,0,0,,
279,KA,Karnataka,KA_Chitradurga,Chitradurga,154,79,74,1,0,0,0,0,0,,
280,KA,Karnataka,KA_Dakshina Kannada,Dakshina Kannada,2758,1758,946,52,2,0,0,0,0,,
281,KA,Karnataka,KA_Davanagere,Davanagere,658,142,494,22,0,0,0,0,0,,
282,KA,Karnataka,KA_Dharwad,Dharwad,1576,1007,525,44,0,0,0,0,0,,
283,KA,Karnataka,KA_Gadag,Gadag,414,196,208,10,0,0,0,0,0,,
284,KA,Karnataka,KA_Hassan,Hassan,770,266,480,24,0,0,0,0,0,,
285,KA,Karnataka,KA_Haveri,Haveri,331,80,244,7,0,0,0,0,0,,
286,KA,Karnataka,KA_Kalaburagi,Kalaburagi,2503,940,1525,38,0,0,0,0,0,,
287,KA,Karnataka,KA_Kodagu,Kodagu,236,119,114,3,0,0,0,0,0,,
288,KA,Karnataka,KA_Kolar,Kolar,375,235,132,8,0,0,0,0,0,,
289,KA,Karnataka,KA_Koppal,Koppal,389,210,174,5,0,0,0,0,0,,
290,KA,Karnataka,KA_Mandya,Mandya,798,217,579,2,0,0,0,0,0,,
291,KA,Karnataka,KA_Mysuru,Mysuru,1320,739,531,50,0,0,0,0,0,,
0,KA,Karnataka,KA_Other State,Other State,36,1,32,3,0,0,0,0,0,,
292,KA,Karnataka,KA_Raichur,Raichur,915,367,535,13,0,0,0,0,0,,
293,KA,Karnataka,KA_Ramanagara,Ramanagara,396,192,195,9,0,0,0,0,0,,
294,KA,Karnataka,KA_Shivamogga,Shivamogga,605,328,266,11,0,0,0,0,0,,
295,KA,Karnataka,KA_Tumakuru,Tumakuru,564,353,195,16,0,0,0,0,0,,
296,KA,Karnataka,KA_Udupi,Udupi,1900,446,1451,3,0,0,0,0,0,,
297,KA,Karnataka,KA_Uttara Kannada,Uttara Kannada,825,502,315,8,0,0,0,0,0,,
298,KA,Karnataka,KA_Vijayapura,Vijayapura,1120,382,719,19,0,0,0,0,0,,
299,KA,Karnataka,KA_Yadgir,Yadgir,1535,451,1083,1,0,0,0,0,0,,
0,KL,Kerala,KL_Other State,Other State,0,0,0,0,0,0,0,0,0,,
300,KL,Kerala,KL_Alappuzha,Alappuzha,838,544,290,3,1,0,0,0,0,,
301,KL,Kerala,KL_Ernakulam,Ernakulam,721,497,220,3,1,0,0,0,0,,
302,KL,Kerala,KL_Idukki,Idukki,292,191,100,1,0,0,0,0,0,,
303,KL,Kerala,KL_Kannur,Kannur,822,333,482,7,0,0,0,0,0,,
304,KL,Kerala,KL_Kasaragod,Kasaragod,786,303,483,0,0,0,0,0,0,,
305,KL,Kerala,KL_Kollam,Kollam,605,258,344,3,0,0,0,0,0,,
306,KL,Kerala,KL_Kottayam,Kottayam,402,179,222,1,0,0,0,0,0,,
307,KL,Kerala,KL_Kozhikode,Kozhikode,574,279,293,2,0,0,0,0,0,,
308,KL,Kerala,KL_Malappuram,Malappuram,1155,560,590,5,0,0,0,0,0,,
309,KL,Kerala,KL_Palakkad,Palakkad,972,227,743,1,1,0,0,0,0,,
310,KL,Kerala,KL_Pathanamthitta,Pathanamthitta,684,354,329,0,1,0,0,0,0,,
311,KL,Kerala,KL_Thiruvananthapuram,Thiruvananthapuram,1502,1260,236,6,0,0,0,0,0,,
312,KL,Kerala,KL_Thrissur,Thrissur,710,274,431,5,0,0,0,0,0,,
313,KL,Kerala,KL_Wayanad,Wayanad,213,113,99,1,0,0,0,0,0,,
314,LA,Ladakh,LA_Kargil,Kargil,730,29,700,1,0,3,2,0,1,,
315,LA,Ladakh,LA_Leh,Leh,421,147,273,1,0,1,-2,3,0,,
316,LD,Lakshadweep,LD_Lakshadweep,Lakshadweep,0,0,0,0,0,0,0,0,0,,
369,MH,Maharashtra,MH_Ahmednagar,Ahmednagar,1114,451,633,30,0,0,0,0,0,,
370,MH,Maharashtra,MH_Akola,Akola,1936,251,1588,96,1,0,0,0,0,,
371,MH,Maharashtra,MH_Amravati,Amravati,1018,272,705,41,0,0,0,0,0,,
372,MH,Maharashtra,MH_Aurangabad,Aurangabad,8940,3686,4899,355,0,0,0,0,0,,
374,MH,Maharashtra,MH_Beed,Beed,267,127,133,7,0,0,0,0,0,,
373,MH,Maharashtra,MH_Bhandara,Bhandara,175,75,98,2,0,0,0,0,0,,
375,MH,Maharashtra,MH_Buldhana,Buldhana,442,206,216,20,0,0,0,0,0,,
376,MH,Maharashtra,MH_Chandrapur,Chandrapur,196,81,115,0,0,0,0,0,0,,
377,MH,Maharashtra,MH_Dhule,Dhule,1703,446,1174,81,2,0,0,0,0,,
378,MH,Maharashtra,MH_Gadchiroli,Gadchiroli,170,65,104,1,0,0,0,0,0,,
379,MH,Maharashtra,MH_Gondia,Gondia,221,43,175,3,0,0,0,0,0,,
380,MH,Maharashtra,MH_Hingoli,Hingoli,369,75,292,2,0,0,0,0,0,,
381,MH,Maharashtra,MH_Jalgaon,Jalgaon,6868,2401,4090,377,0,0,0,0,0,,
382,MH,Maharashtra,MH_Jalna,Jalna,1146,465,631,50,0,0,0,0,0,,
383,MH,Maharashtra,MH_Kolhapur,Kolhapur,1534,621,886,27,0,0,0,0,0,,
384,MH,Maharashtra,MH_Latur,Latur,894,462,387,45,0,0,0,0,0,,
385,MH,Maharashtra,MH_Mumbai,Mumbai,97950,24307,67830,5523,290,0,0,0,0,,
386,MH,Maharashtra,MH_Mumbai Suburban,Mumbai Suburban,0,0,0,0,0,0,0,0,0,,
387,MH,Maharashtra,MH_Nagpur,Nagpur,2302,862,1417,23,0,0,0,0,0,,
388,MH,Maharashtra,MH_Nanded,Nanded,710,308,374,28,0,0,0,0,0,,
389,MH,Maharashtra,MH_Nandurbar,Nandurbar,318,130,172,16,0,0,0,0,0,,
390,MH,Maharashtra,MH_Nashik,Nashik,8174,3025,4821,328,0,0,0,0,0,,
391,MH,Maharashtra,MH_Osmanabad,Osmanabad,434,138,275,21,0,0,0,0,0,,
0,MH,Maharashtra,MH_Other State,Other State,219,188,0,31,0,0,0,0,0,,
392,MH,Maharashtra,MH_Palghar,Palghar,10896,4805,5877,214,0,0,0,0,0,,
393,MH,Maharashtra,MH_Parbhani,Parbhani,259,120,132,7,0,0,0,0,0,,
394,MH,Maharashtra,MH_Pune,Pune,46668,27389,18042,1237,0,0,0,0,0,,
395,MH,Maharashtra,MH_Raigad,Raigad,10056,4779,5073,202,2,0,0,0,0,,
396,MH,Maharashtra,MH_Ratnagiri,Ratnagiri,1003,309,660,34,0,0,0,0,0,,
397,MH,Maharashtra,MH_Sangli,Sangli,745,320,404,21,0,0,0,0,0,,
398,MH,Maharashtra,MH_Satara,Satara,2091,865,1155,70,1,0,0,0,0,,
399,MH,Maharashtra,MH_Sindhudurg,Sindhudurg,268,37,226,5,0,0,0,0,0,,
400,MH,Maharashtra,MH_Solapur,Solapur,4903,2191,2343,368,1,0,0,0,0,,
401,MH,Maharashtra,MH_Thane,Thane,69471,34821,32742,1907,1,0,0,0,0,,
402,MH,Maharashtra,MH_Wardha,Wardha,50,15,33,1,1,0,0,0,0,,
403,MH,Maharashtra,MH_Washim,Washim,287,166,116,5,0,0,0,0,0,,
404,MH,Maharashtra,MH_Yavatmal,Yavatmal,484,146,322,16,0,0,0,0,0,,
421,ML,Meghalaya,ML_East Garo Hills,East Garo Hills,1,1,0,0,0,0,0,0,0,,
422,ML,Meghalaya,ML_East Jaintia Hills,East Jaintia Hills,2,2,0,0,0,0,0,0,0,,
423,ML,Meghalaya,ML_East Khasi Hills,East Khasi Hills,307,288,17,2,0,0,0,0,0,,
424,ML,Meghalaya,ML_North Garo Hills,North Garo Hills,2,1,1,0,0,0,0,0,0,,
425,ML,Meghalaya,ML_Ribhoi,Ribhoi,24,24,0,0,0,0,0,0,0,,
426,ML,Meghalaya,ML_South Garo Hills,South Garo Hills,2,2,0,0,0,0,0,0,0,,
427,ML,Meghalaya,ML_South West Garo Hills,South West Garo Hills,7,0,7,0,0,0,0,0,0,,
428,ML,Meghalaya,ML_South West Khasi Hills,South West Khasi Hills,0,0,0,0,0,0,0,0,0,,
429,ML,Meghalaya,ML_West Garo Hills,West Garo Hills,12,8,4,0,0,0,0,0,0,,
430,ML,Meghalaya,ML_West Jaintia Hills,West Jaintia Hills,5,0,5,0,0,0,0,0,0,,
431,ML,Meghalaya,ML_West Khasi Hills,West Khasi Hills,1,0,1,0,0,0,0,0,0,,
405,MN,Manipur,MN_Bishnupur,Bishnupur,82,24,58,0,0,0,0,0,0,,
406,MN,Manipur,MN_Chandel,Chandel,39,35,4,0,0,0,0,0,0,,
407,MN,Manipur,MN_Churachandpur,Churachandpur,160,102,58,0,0,0,0,0,0,,
408,MN,Manipur,MN_Imphal East,Imphal East,60,44,16,0,0,0,0,0,0,,
409,MN,Manipur,MN_Imphal West,Imphal West,171,119,52,0,0,0,0,0,0,,
410,MN,Manipur,MN_Jiribam,Jiribam,71,69,2,0,0,0,0,0,0,,
411,MN,Manipur,MN_Kakching,Kakching,109,82,27,0,0,0,0,0,0,,
412,MN,Manipur,MN_Kamjong,Kamjong,128,111,17,0,0,0,0,0,0,,
413,MN,Manipur,MN_Kangpokpi,Kangpokpi,171,152,19,0,0,0,0,0,0,,
414,MN,Manipur,MN_Noney,Noney,25,7,18,0,0,0,0,0,0,,
415,MN,Manipur,MN_Pherzawl,Pherzawl,32,17,15,0,0,0,0,0,0,,
416,MN,Manipur,MN_Senapati,Senapati,192,171,21,0,0,0,0,0,0,,
417,MN,Manipur,MN_Tamenglong,Tamenglong,206,174,32,0,0,0,0,0,0,,
418,MN,Manipur,MN_Tengnoupal,Tengnoupal,14,1,13,0,0,0,0,0,0,,
419,MN,Manipur,MN_Thoubal,Thoubal,82,59,23,0,0,0,0,0,0,,
420,MN,Manipur,MN_Ukhrul,Ukhrul,222,204,18,0,0,0,0,0,0,,
317,MP,Madhya Pradesh,MP_Agar Malwa,Agar Malwa,42,23,17,2,0,0,0,0,0,,
318,MP,Madhya Pradesh,MP_Alirajpur,Alirajpur,35,27,7,1,0,0,0,0,0,,
319,MP,Madhya Pradesh,MP_Anuppur,Anuppur,35,6,29,0,0,0,0,0,0,,
320,MP,Madhya Pradesh,MP_Ashoknagar,Ashoknagar,71,21,49,1,0,0,0,0,0,,
321,MP,Madhya Pradesh,MP_Balaghat,Balaghat,57,18,39,0,0,0,0,0,0,,
322,MP,Madhya Pradesh,MP_Barwani,Barwani,222,71,147,4,0,0,0,0,0,,
323,MP,Madhya Pradesh,MP_Betul,Betul,137,55,81,1,0,0,0,0,0,,
324,MP,Madhya Pradesh,MP_Bhind,Bhind,385,87,297,1,0,0,0,0,0,,
325,MP,Madhya Pradesh,MP_Bhopal,Bhopal,3848,937,2784,127,0,0,0,0,0,,
326,MP,Madhya Pradesh,MP_Burhanpur,Burhanpur,435,18,394,23,0,0,0,0,0,,
327,MP,Madhya Pradesh,MP_Chhatarpur,Chhatarpur,87,26,61,0,0,0,0,0,0,,
328,MP,Madhya Pradesh,MP_Chhindwara,Chhindwara,84,18,64,2,0,0,0,0,0,,
329,MP,Madhya Pradesh,MP_Damoh,Damoh,70,20,50,0,0,0,0,0,0,,
330,MP,Madhya Pradesh,MP_Datia,Datia,112,61,50,1,0,0,0,0,0,,
331,MP,Madhya Pradesh,MP_Dewas,Dewas,300,61,229,10,0,0,0,0,0,,
332,MP,Madhya Pradesh,MP_Dhar,Dhar,236,56,172,8,0,0,0,0,0,,
333,MP,Madhya Pradesh,MP_Dindori,Dindori,31,1,30,0,0,0,0,0,0,,
335,MP,Madhya Pradesh,MP_Guna,Guna,48,22,24,2,0,0,0,0,0,,
336,MP,Madhya Pradesh,MP_Gwalior,Gwalior,1365,671,688,6,0,0,0,0,0,,
337,MP,Madhya Pradesh,MP_Harda,Harda,104,45,55,4,0,0,0,0,0,,
338,MP,Madhya Pradesh,MP_Hoshangabad,Hoshangabad,68,25,39,4,0,0,0,0,0,,
339,MP,Madhya Pradesh,MP_Indore,Indore,5632,1265,4087,280,0,0,0,0,0,,
340,MP,Madhya Pradesh,MP_Jabalpur,Jabalpur,693,248,429,16,0,0,0,0,0,,
341,MP,Madhya Pradesh,MP_Jhabua,Jhabua,60,36,22,2,0,0,0,0,0,,
342,MP,Madhya Pradesh,MP_Katni,Katni,43,17,23,3,0,0,0,0,0,,
334,MP,Madhya Pradesh,MP_Khandwa,Khandwa,473,117,339,17,0,0,0,0,0,,
368,MP,Madhya Pradesh,MP_Khargone,Khargone,435,106,314,15,0,0,0,0,0,,
343,MP,Madhya Pradesh,MP_Mandla,Mandla,10,4,5,1,0,0,0,0,0,,
344,MP,Madhya Pradesh,MP_Mandsaur,Mandsaur,247,103,135,9,0,0,0,0,0,,
345,MP,Madhya Pradesh,MP_Morena,Morena,1187,436,746,5,0,0,0,0,0,,
346,MP,Madhya Pradesh,MP_Narsinghpur,Narsinghpur,43,9,33,1,0,0,0,0,0,,
347,MP,Madhya Pradesh,MP_Neemuch,Neemuch,512,44,460,8,0,0,0,0,0,,
348,MP,Madhya Pradesh,MP_Niwari,Niwari,23,12,11,0,0,0,0,0,0,,
0,MP,Madhya Pradesh,MP_Other Region,Other Region,0,0,0,0,0,0,0,0,0,,
349,MP,Madhya Pradesh,MP_Panna,Panna,60,2,58,0,0,0,0,0,0,,
350,MP,Madhya Pradesh,MP_Raisen,Raisen,131,18,108,5,0,0,0,0,0,,
351,MP,Madhya Pradesh,MP_Rajgarh,Rajgarh,153,53,93,7,0,0,0,0,0,,
352,MP,Madhya Pradesh,MP_Ratlam,Ratlam,248,50,192,6,0,0,0,0,0,,
353,MP,Madhya Pradesh,MP_Rewa,Rewa,113,47,65,1,0,0,0,0,0,,
354,MP,Madhya Pradesh,MP_Sagar,Sagar,480,69,389,22,0,0,0,0,0,,
355,MP,Madhya Pradesh,MP_Satna,Satna,60,17,40,3,0,0,0,0,0,,
356,MP,Madhya Pradesh,MP_Sehore,Sehore,72,52,17,3,0,0,0,0,0,,
357,MP,Madhya Pradesh,MP_Seoni,Seoni,22,3,18,1,0,0,0,0,0,,
358,MP,Madhya Pradesh,MP_Shahdol,Shahdol,46,24,22,0,0,0,0,0,0,,
359,MP,Madhya Pradesh,MP_Shajapur,Shajapur,201,129,68,4,0,0,0,0,0,,
360,MP,Madhya Pradesh,MP_Sheopur,Sheopur,131,42,87,2,0,0,0,0,0,,
361,MP,Madhya Pradesh,MP_Shivpuri,Shivpuri,193,109,82,2,0,0,0,0,0,,
362,MP,Madhya Pradesh,MP_Sidhi,Sidhi,44,22,21,1,0,0,0,0,0,,
363,MP,Madhya Pradesh,MP_Singrauli,Singrauli,39,20,18,1,0,0,0,0,0,,
364,MP,Madhya Pradesh,MP_Tikamgarh,Tikamgarh,178,106,67,5,0,0,0,0,0,,
365,MP,Madhya Pradesh,MP_Ujjain,Ujjain,927,62,794,71,0,0,0,0,0,,
366,MP,Madhya Pradesh,MP_Umaria,Umaria,30,19,10,1,0,0,0,0,0,,
367,MP,Madhya Pradesh,MP_Vidisha,Vidisha,120,52,68,0,0,0,0,0,0,,
432,MZ,Mizoram,MZ_Aizawl,Aizawl,109,70,39,0,0,0,0,0,0,,
433,MZ,Mizoram,MZ_Champhai,Champhai,10,1,9,0,0,0,0,0,0,,
729,MZ,Mizoram,MZ_Hnahthial,Hnahthial,0,0,0,0,0,0,0,0,0,,
730,MZ,Mizoram,MZ_Khawzawl,Khawzawl,3,0,3,0,0,0,0,0,0,,
434,MZ,Mizoram,MZ_Kolasib,Kolasib,12,1,11,0,0,0,0,0,0,,
435,MZ,Mizoram,MZ_Lawngtlai,Lawngtlai,21,13,8,0,0,0,0,0,0,,
436,MZ,Mizoram,MZ_Lunglei,Lunglei,63,16,47,0,0,0,0,0,0,,
437,MZ,Mizoram,MZ_Mamit,Mamit,21,1,20,0,0,0,0,0,0,,
438,MZ,Mizoram,MZ_Saiha,Saiha,23,6,17,0,0,0,0,0,0,,
728,MZ,Mizoram,MZ_Saitual,Saitual,3,0,3,0,0,0,0,0,0,,
439,MZ,Mizoram,MZ_Serchhip,Serchhip,7,4,3,0,0,0,0,0,0,,
0,NL,Nagaland,NL_Others,Others,46,46,0,0,0,0,0,0,0,,
440,NL,Nagaland,NL_Dimapur,Dimapur,240,210,30,0,0,0,0,0,0,,
441,NL,Nagaland,NL_Kiphire,Kiphire,4,4,0,0,0,0,0,0,0,,
442,NL,Nagaland,NL_Kohima,Kohima,112,96,16,0,0,0,0,0,0,,
443,NL,Nagaland,NL_Longleng,Longleng,4,4,0,0,0,0,0,0,0,,
444,NL,Nagaland,NL_Mokokchung,Mokokchung,5,5,0,0,0,0,0,0,0,,
445,NL,Nagaland,NL_Mon,Mon,108,108,0,0,0,0,0,0,0,,
446,NL,Nagaland,NL_Peren,Peren,312,248,64,0,0,0,0,0,0,,
447,NL,Nagaland,NL_Phek,Phek,18,9,9,0,0,0,0,0,0,,
448,NL,Nagaland,NL_Tuensang,Tuensang,49,49,0,0,0,0,0,0,0,,
449,NL,Nagaland,NL_Wokha,Wokha,11,11,0,0,0,0,0,0,0,,
450,NL,Nagaland,NL_Zunheboto,Zunheboto,7,7,0,0,0,0,0,0,0,,
0,OR,Odisha,OR_Others,Others,0,0,0,0,0,0,0,0,0,,
451,OR,Odisha,OR_Angul,Angul,165,45,118,2,0,9,8,0,1,,
452,OR,Odisha,OR_Balangir,Balangir,273,53,220,0,0,0,0,0,0,,
453,OR,Odisha,OR_Balasore,Balasore,645,189,454,2,0,9,9,0,0,,
454,OR,Odisha,OR_Bargarh,Bargarh,209,41,167,1,0,4,4,0,0,,
456,OR,Odisha,OR_Bhadrak,Bhadrak,314,28,282,4,0,10,9,0,1,,
455,OR,Odisha,OR_Boudh,Boudh,64,19,45,0,0,0,0,0,0,,
457,OR,Odisha,OR_Cuttack,Cuttack,1146,305,830,11,0,32,32,0,0,,
458,OR,Odisha,OR_Deogarh,Deogarh,66,4,62,0,0,0,0,0,0,,
459,OR,Odisha,OR_Dhenkanal,Dhenkanal,112,23,89,0,0,6,6,0,0,,
460,OR,Odisha,OR_Gajapati,Gajapati,664,141,521,2,0,21,20,0,1,,
461,OR,Odisha,OR_Ganjam,Ganjam,5098,1990,3055,53,0,231,229,0,2,,
462,OR,Odisha,OR_Jagatsinghpur,Jagatsinghpur,470,127,343,0,0,16,16,0,0,,
463,OR,Odisha,OR_Jajpur,Jajpur,934,247,685,2,0,0,-1,0,1,,
464,OR,Odisha,OR_Jharsuguda,Jharsuguda,207,44,163,0,0,24,24,0,0,,
465,OR,Odisha,OR_Kalahandi,Kalahandi,85,7,78,0,0,0,0,0,0,,
466,OR,Odisha,OR_Kandhamal,Kandhamal,206,15,191,0,0,7,7,0,0,,
467,OR,Odisha,OR_Kendrapara,Kendrapara,333,46,285,2,0,4,4,0,0,,
468,OR,Odisha,OR_Kendujhar,Kendujhar,383,111,271,1,0,28,28,0,0,,
469,OR,Odisha,OR_Khordha,Khordha,1744,713,1012,19,0,150,150,0,0,,
470,OR,Odisha,OR_Koraput,Koraput,221,154,67,0,0,27,27,0,0,,
471,OR,Odisha,OR_Malkangiri,Malkangiri,266,148,118,0,0,54,54,0,0,,
472,OR,Odisha,OR_Mayurbhanj,Mayurbhanj,433,146,285,2,0,22,22,0,0,,
473,OR,Odisha,OR_Nabarangapur,Nabarangapur,134,45,88,1,0,1,1,0,0,,
474,OR,Odisha,OR_Nayagarh,Nayagarh,315,104,211,0,0,13,13,0,0,,
475,OR,Odisha,OR_Nuapada,Nuapada,100,18,82,0,0,0,0,0,0,,
476,OR,Odisha,OR_Puri,Puri,392,94,295,3,0,9,9,0,0,,
477,OR,Odisha,OR_Rayagada,Rayagada,186,58,127,1,0,19,19,0,0,,
478,OR,Odisha,OR_Sambalpur,Sambalpur,136,30,106,0,0,7,7,0,0,,
479,OR,Odisha,OR_Subarnapur,Subarnapur,49,5,44,0,0,5,5,0,0,,
480,OR,Odisha,OR_Sundargarh,Sundargarh,760,174,583,3,0,10,10,0,0,,
485,PB,Punjab,PB_Amritsar,Amritsar,1160,159,942,59,0,0,0,0,0,,
486,PB,Punjab,PB_Barnala,Barnala,79,12,65,2,0,0,0,0,0,,
487,PB,Punjab,PB_Bathinda,Bathinda,171,59,108,4,0,0,0,0,0,,
488,PB,Punjab,PB_Faridkot,Faridkot,183,54,129,0,0,0,0,0,0,,
489,PB,Punjab,PB_Fatehgarh Sahib,Fatehgarh Sahib,192,60,130,2,0,0,0,0,0,,
490,PB,Punjab,PB_Fazilka,Fazilka,138,35,102,1,0,0,0,0,0,,
491,PB,Punjab,PB_Ferozepur,Ferozepur,199,101,95,3,0,0,0,0,0,,
492,PB,Punjab,PB_Gurdaspur,Gurdaspur,297,27,261,9,0,0,0,0,0,,
493,PB,Punjab,PB_Hoshiarpur,Hoshiarpur,212,22,183,7,0,0,0,0,0,,
494,PB,Punjab,PB_Jalandhar,Jalandhar,1467,548,886,33,0,0,0,0,0,,
495,PB,Punjab,PB_Kapurthala,Kapurthala,145,31,107,7,0,0,0,0,0,,
496,PB,Punjab,PB_Ludhiana,Ludhiana,1632,498,1095,39,0,0,0,0,0,,
497,PB,Punjab,PB_Mansa,Mansa,64,13,51,0,0,0,0,0,0,,
498,PB,Punjab,PB_Moga,Moga,169,41,124,4,0,0,0,0,0,,
499,PB,Punjab,PB_Pathankot,Pathankot,264,31,224,9,0,0,0,0,0,,
500,PB,Punjab,PB_Patiala,Patiala,776,437,326,13,0,0,0,0,0,,
501,PB,Punjab,PB_Rupnagar,Rupnagar,144,37,106,1,0,0,0,0,0,,
502,PB,Punjab,PB_S.A.S. Nagar,S.A.S. Nagar,478,172,297,9,0,0,0,0,0,,
503,PB,Punjab,PB_Sangrur,Sangrur,687,120,546,21,0,0,0,0,0,,
504,PB,Punjab,PB_Shahid Bhagat Singh Nagar,Shahid Bhagat Singh Nagar,254,100,153,1,0,0,0,0,0,,
505,PB,Punjab,PB_Sri Muktsar Sahib,Sri Muktsar Sahib,162,19,142,1,0,0,0,0,0,,
506,PB,Punjab,PB_Tarn Taran,Tarn Taran,221,11,205,5,0,0,0,0,0,,
481,PY,Puducherry,PY_Karaikal,Karaikal,120,74,44,2,0,9,7,2,0,,
482,PY,Puducherry,PY_Mahe,Mahe,21,0,21,0,0,0,-1,1,0,,
483,PY,Puducherry,PY_Puducherry,Puducherry,1636,684,930,22,0,77,11,64,2,"25 cases(20 of TN, 1 of AP & 4 other) have been transferred,so have been reduced from the total count",
484,PY,Puducherry,PY_Yanam,Yanam,55,35,19,1,0,3,2,0,1,"2 cases of AP have been transferred,so have been reduced from the total count",
507,RJ,Rajasthan,RJ_Ajmer,Ajmer,895,268,601,26,0,16,-4,20,0,,
508,RJ,Rajasthan,RJ_Alwar,Alwar,1519,871,640,8,0,9,9,0,0,,
509,RJ,Rajasthan,RJ_Banswara,Banswara,109,9,98,2,0,0,0,0,0,,
510,RJ,Rajasthan,RJ_Baran,Baran,78,7,67,4,0,1,1,0,0,,
511,RJ,Rajasthan,RJ_Barmer,Barmer,800,311,484,5,0,0,0,0,0,,
512,RJ,Rajasthan,RJ_Bharatpur,Bharatpur,2020,152,1825,43,0,0,-20,20,0,,
513,RJ,Rajasthan,RJ_Bhilwara,Bhilwara,332,55,271,6,0,14,14,0,0,,
514,RJ,Rajasthan,RJ_Bikaner,Bikaner,1192,761,410,21,0,32,32,0,0,,
0,RJ,Rajasthan,RJ_BSF Camp,BSF Camp,54,2,52,0,0,0,0,0,0,,
515,RJ,Rajasthan,RJ_Bundi,Bundi,35,20,15,0,0,0,0,0,0,,
516,RJ,Rajasthan,RJ_Chittorgarh,Chittorgarh,216,4,206,6,0,0,0,0,0,,
517,RJ,Rajasthan,RJ_Churu,Churu,467,104,361,2,0,0,0,0,0,,
518,RJ,Rajasthan,RJ_Dausa,Dausa,231,34,193,4,0,2,2,0,0,,
519,RJ,Rajasthan,RJ_Dholpur,Dholpur,898,133,751,14,0,0,0,0,0,,
520,RJ,Rajasthan,RJ_Dungarpur,Dungarpur,503,45,457,1,0,1,1,0,0,,
0,RJ,Rajasthan,RJ_Evacuees,Evacuees,61,0,61,0,0,0,0,0,0,,
521,RJ,Rajasthan,RJ_Ganganagar,Ganganagar,92,33,56,3,0,0,0,0,0,,
522,RJ,Rajasthan,RJ_Hanumangarh,Hanumangarh,143,62,80,1,0,0,0,0,0,,
0,RJ,Rajasthan,RJ_Italians,Italians,2,0,2,0,0,0,0,0,0,,
523,RJ,Rajasthan,RJ_Jaipur,Jaipur,4190,717,3294,179,0,22,22,0,0,,
524,RJ,Rajasthan,RJ_Jaisalmer,Jaisalmer,120,7,113,0,0,0,0,0,0,,
525,RJ,Rajasthan,RJ_Jalore,Jalore,761,369,389,3,0,0,-13,13,0,,
526,RJ,Rajasthan,RJ_Jhalawar,Jhalawar,387,7,380,0,0,2,2,0,0,,
527,RJ,Rajasthan,RJ_Jhunjhunu,Jhunjhunu,494,46,444,4,0,11,6,5,0,,
528,RJ,Rajasthan,RJ_Jodhpur,Jodhpur,4364,1251,3048,65,0,0,0,0,0,,
529,RJ,Rajasthan,RJ_Karauli,Karauli,164,49,110,5,0,0,0,0,0,,
530,RJ,Rajasthan,RJ_Kota,Kota,916,148,739,29,0,11,9,0,2,,
531,RJ,Rajasthan,RJ_Nagaur,Nagaur,1052,310,724,18,0,26,26,0,0,,
0,RJ,Rajasthan,RJ_Other State,Other State,170,95,41,34,0,2,2,0,0,,
532,RJ,Rajasthan,RJ_Pali,Pali,1743,425,1303,15,0,0,0,0,0,,
533,RJ,Rajasthan,RJ_Pratapgarh,Pratapgarh,154,49,104,1,0,0,0,0,0,,
534,RJ,Rajasthan,RJ_Rajsamand,Rajsamand,411,85,323,3,0,0,0,0,0,,
535,RJ,Rajasthan,RJ_Sawai Madhopur,Sawai Madhopur,141,27,104,10,0,2,2,0,0,,
536,RJ,Rajasthan,RJ_Sikar,Sikar,721,37,676,8,0,0,0,0,0,,
537,RJ,Rajasthan,RJ_Sirohi,Sirohi,738,129,599,10,0,0,-1,0,1,,
538,RJ,Rajasthan,RJ_Tonk,Tonk,220,7,211,2,0,2,2,0,0,,
539,RJ,Rajasthan,RJ_Udaipur,Udaipur,940,134,796,10,0,6,5,0,1,,
540,SK,Sikkim,SK_East Sikkim,East Sikkim,168,107,48,0,13,0,0,0,0,,
541,SK,Sikkim,SK_North Sikkim,North Sikkim,1,0,1,0,0,0,0,0,0,,
542,SK,Sikkim,SK_South Sikkim,South Sikkim,44,18,26,0,0,0,0,0,0,,
543,SK,Sikkim,SK_West Sikkim,West Sikkim,22,11,11,0,0,0,0,0,0,,
0,TG,Telangana,TG_Foreign Evacuees,Foreign Evacuees,33,33,0,0,0,0,0,0,0,,District-wise numbers are out-dated as cumulative counts for each district are not reported in Telangana bulletin
0,TG,Telangana,TG_Other State,Other State,250,250,0,0,0,0,0,0,0,,District-wise numbers are out-dated as cumulative counts for each district are not reported in Telangana bulletin
576,TG,Telangana,TG_Adilabad,Adilabad,88,73,15,0,0,0,0,0,0,,District-wise numbers are out-dated as cumulative counts for each district are not reported in Telangana bulletin
577,TG,Telangana,TG_Bhadradri Kothagudem,Bhadradri Kothagudem,108,104,4,0,0,0,0,0,0,,District-wise numbers are out-dated as cumulative counts for each district are not reported in Telangana bulletin
578,TG,Telangana,TG_Hyderabad,Hyderabad,29899,29571,305,23,0,0,0,0,0,,District-wise numbers are out-dated as cumulative counts for each district are not reported in Telangana bulletin
579,TG,Telangana,TG_Jagtial,Jagtial,53,51,2,0,0,0,0,0,0,,District-wise numbers are out-dated as cumulative counts for each district are not reported in Telangana bulletin
580,TG,Telangana,TG_Jangaon,Jangaon,123,122,1,0,0,0,0,0,0,,District-wise numbers are out-dated as cumulative counts for each district are not reported in Telangana bulletin
581,TG,Telangana,TG_Jayashankar Bhupalapally,Jayashankar Bhupalapally,66,66,0,0,0,0,0,0,0,,District-wise numbers are out-dated as cumulative counts for each district are not reported in Telangana bulletin
582,TG,Telangana,TG_Jogulamba Gadwal,Jogulamba Gadwal,104,78,25,1,0,0,0,0,0,,District-wise numbers are out-dated as cumulative counts for each district are not reported in Telangana bulletin
583,TG,Telangana,TG_Kamareddy,Kamareddy,174,166,8,0,0,0,0,0,0,,District-wise numbers are out-dated as cumulative counts for each district are not reported in Telangana bulletin
584,TG,Telangana,TG_Karimnagar,Karimnagar,516,500,16,0,0,0,0,0,0,,District-wise numbers are out-dated as cumulative counts for each district are not reported in Telangana bulletin
585,TG,Telangana,TG_Khammam,Khammam,195,192,3,0,0,0,0,0,0,,District-wise numbers are out-dated as cumulative counts for each district are not reported in Telangana bulletin
586,TG,Telangana,TG_Komaram Bheem,Komaram Bheem,34,32,2,0,0,0,0,0,0,,District-wise numbers are out-dated as cumulative counts for each district are not reported in Telangana bulletin
587,TG,Telangana,TG_Mahabubabad,Mahabubabad,104,103,1,0,0,0,0,0,0,,District-wise numbers are out-dated as cumulative counts for each district are not reported in Telangana bulletin
588,TG,Telangana,TG_Mahabubnagar,Mahabubnagar,237,229,8,0,0,0,0,0,0,,District-wise numbers are out-dated as cumulative counts for each district are not reported in Telangana bulletin
589,TG,Telangana,TG_Mancherial,Mancherial,156,155,0,1,0,0,0,0,0,,District-wise numbers are out-dated as cumulative counts for each district are not reported in Telangana bulletin
590,TG,Telangana,TG_Medak,Medak,246,242,4,0,0,0,0,0,0,,District-wise numbers are out-dated as cumulative counts for each district are not reported in Telangana bulletin
591,TG,Telangana,TG_Medchal Malkajgiri,Medchal Malkajgiri,1905,1895,9,1,0,0,0,0,0,,District-wise numbers are out-dated as cumulative counts for each district are not reported in Telangana bulletin
592,TG,Telangana,TG_Mulugu,Mulugu,46,44,2,0,0,0,0,0,0,,District-wise numbers are out-dated as cumulative counts for each district are not reported in Telangana bulletin
593,TG,Telangana,TG_Nagarkurnool,Nagarkurnool,91,89,2,0,0,0,0,0,0,,District-wise numbers are out-dated as cumulative counts for each district are not reported in Telangana bulletin
594,TG,Telangana,TG_Nalgonda,Nalgonda,461,449,12,0,0,0,0,0,0,,District-wise numbers are out-dated as cumulative counts for each district are not reported in Telangana bulletin
595,TG,Telangana,TG_Narayanpet,Narayanpet,34,33,0,1,0,0,0,0,0,,District-wise numbers are out-dated as cumulative counts for each district are not reported in Telangana bulletin
596,TG,Telangana,TG_Nirmal,Nirmal,50,37,13,0,0,0,0,0,0,,District-wise numbers are out-dated as cumulative counts for each district are not reported in Telangana bulletin
597,TG,Telangana,TG_Nizamabad,Nizamabad,271,241,30,0,0,0,0,0,0,,District-wise numbers are out-dated as cumulative counts for each district are not reported in Telangana bulletin
598,TG,Telangana,TG_Peddapalli,Peddapalli,85,84,1,0,0,0,0,0,0,,District-wise numbers are out-dated as cumulative counts for each district are not reported in Telangana bulletin
599,TG,Telangana,TG_Rajanna Sircilla,Rajanna Sircilla,132,130,2,0,0,0,0,0,0,,District-wise numbers are out-dated as cumulative counts for each district are not reported in Telangana bulletin
600,TG,Telangana,TG_Ranga Reddy,Ranga Reddy,3276,3257,17,2,0,0,0,0,0,,District-wise numbers are out-dated as cumulative counts for each district are not reported in Telangana bulletin
601,TG,Telangana,TG_Sangareddy,Sangareddy,603,597,6,0,0,0,0,0,0,,District-wise numbers are out-dated as cumulative counts for each district are not reported in Telangana bulletin
602,TG,Telangana,TG_Siddipet,Siddipet,99,98,1,0,0,0,0,0,0,,District-wise numbers are out-dated as cumulative counts for each district are not reported in Telangana bulletin
603,TG,Telangana,TG_Suryapet,Suryapet,239,215,24,0,0,0,0,0,0,,District-wise numbers are out-dated as cumulative counts for each district are not reported in Telangana bulletin
604,TG,Telangana,TG_Vikarabad,Vikarabad,130,114,15,1,0,0,0,0,0,,District-wise numbers are out-dated as cumulative counts for each district are not reported in Telangana bulletin
605,TG,Telangana,TG_Wanaparthy,Wanaparthy,107,107,0,0,0,0,0,0,0,,District-wise numbers are out-dated as cumulative counts for each district are not reported in Telangana bulletin
606,TG,Telangana,TG_Warangal Rural,Warangal Rural,182,182,0,0,0,0,0,0,0,,District-wise numbers are out-dated as cumulative counts for each district are not reported in Telangana bulletin
607,TG,Telangana,TG_Warangal Urban,Warangal Urban,397,374,23,0,0,0,0,0,0,,District-wise numbers are out-dated as cumulative counts for each district are not reported in Telangana bulletin
608,TG,Telangana,TG_Yadadri Bhuvanagiri,Yadadri Bhuvanagiri,68,68,0,0,0,0,0,0,0,,District-wise numbers are out-dated as cumulative counts for each district are not reported in Telangana bulletin
0,TN,Tamil Nadu,TN_Railway Quarantine,Railway Quarantine,424,97,327,0,0,0,0,0,0,,
0,TN,Tamil Nadu,TN_Airport Quarantine,Airport Quarantine,1066,591,474,1,0,0,0,0,0,,
0,TN,Tamil Nadu,TN_Other State,Other State,0,-3,0,3,0,0,0,0,0,,
544,TN,Tamil Nadu,TN_Ariyalur,Ariyalur,599,110,488,1,0,0,0,0,0,,
732,TN,Tamil Nadu,TN_Chengalpattu,Chengalpattu,8908,2171,6561,176,0,0,0,0,0,,
545,TN,Tamil Nadu,TN_Chennai,Chennai,82128,15042,65748,1338,0,0,0,0,0,,
546,TN,Tamil Nadu,TN_Coimbatore,Coimbatore,1644,970,662,12,0,0,0,0,0,,
547,TN,Tamil Nadu,TN_Cuddalore,Cuddalore,1646,422,1218,6,0,0,0,0,0,,
548,TN,Tamil Nadu,TN_Dharmapuri,Dharmapuri,289,176,112,1,0,0,0,0,0,,
549,TN,Tamil Nadu,TN_Dindigul,Dindigul,1193,523,653,17,0,0,0,0,0,,
550,TN,Tamil Nadu,TN_Erode,Erode,468,260,200,8,0,0,0,0,0,,
734,TN,Tamil Nadu,TN_Kallakurichi,Kallakurichi,2049,738,1301,10,0,0,0,0,0,,
551,TN,Tamil Nadu,TN_Kancheepuram,Kancheepuram,4310,2081,2171,58,0,0,0,0,0,,
552,TN,Tamil Nadu,TN_Kanyakumari,Kanyakumari,1891,1264,612,15,0,0,0,0,0,,
553,TN,Tamil Nadu,TN_Karur,Karur,217,57,154,6,0,0,0,0,0,,
554,TN,Tamil Nadu,TN_Krishnagiri,Krishnagiri,328,142,178,8,0,0,0,0,0,,
555,TN,Tamil Nadu,TN_Madurai,Madurai,7597,2929,4534,134,0,0,0,0,0,,
556,TN,Tamil Nadu,TN_Nagapattinam,Nagapattinam,396,192,203,1,0,0,0,0,0,,
557,TN,Tamil Nadu,TN_Namakkal,Namakkal,231,92,138,1,0,0,0,0,0,,
564,TN,Tamil Nadu,TN_Nilgiris,Nilgiris,320,203,116,1,0,0,0,0,0,,
558,TN,Tamil Nadu,TN_Perambalur,Perambalur,191,22,168,1,0,0,0,0,0,,
559,TN,Tamil Nadu,TN_Pudukkottai,Pudukkottai,831,358,463,10,0,0,0,0,0,,
560,TN,Tamil Nadu,TN_Ramanathapuram,Ramanathapuram,2167,849,1279,39,0,0,0,0,0,,
733,TN,Tamil Nadu,TN_Ranipet,Ranipet,1858,835,1010,13,0,0,0,0,0,,
561,TN,Tamil Nadu,TN_Salem,Salem,2123,983,1129,11,0,0,0,0,0,,
562,TN,Tamil Nadu,TN_Sivaganga,Sivaganga,1188,556,610,22,0,0,0,0,0,,
731,TN,Tamil Nadu,TN_Tenkasi,Tenkasi,859,531,325,3,0,0,0,0,0,,
563,TN,Tamil Nadu,TN_Thanjavur,Thanjavur,835,353,469,13,0,0,0,0,0,,
565,TN,Tamil Nadu,TN_Theni,Theni,2053,1201,827,25,0,0,0,0,0,,
566,TN,Tamil Nadu,TN_Thiruvallur,Thiruvallur,8107,3181,4785,141,0,0,0,0,0,,
567,TN,Tamil Nadu,TN_Thiruvarur,Thiruvarur,815,289,525,1,0,0,0,0,0,,
568,TN,Tamil Nadu,TN_Thoothukkudi,Thoothukkudi,2940,1707,1212,21,0,0,0,0,0,,
569,TN,Tamil Nadu,TN_Tiruchirappalli,Tiruchirappalli,1902,805,1067,30,0,0,0,0,0,,
570,TN,Tamil Nadu,TN_Tirunelveli,Tirunelveli,2228,1148,1069,11,0,0,0,0,0,,
735,TN,Tamil Nadu,TN_Tirupathur,Tirupathur,504,196,307,1,0,0,0,0,0,,
571,TN,Tamil Nadu,TN_Tiruppur,Tiruppur,381,184,193,4,0,0,0,0,0,,
572,TN,Tamil Nadu,TN_Tiruvannamalai,Tiruvannamalai,3563,1450,2087,26,0,0,0,0,0,,
573,TN,Tamil Nadu,TN_Vellore,Vellore,3445,1648,1779,18,0,0,0,0,0,,
574,TN,Tamil Nadu,TN_Viluppuram,Viluppuram,1926,704,1197,25,0,0,0,0,0,,
575,TN,Tamil Nadu,TN_Virudhunagar,Virudhunagar,2749,1660,1065,24,0,0,0,0,0,,
609,TR,Tripura,TR_Dhalai,Dhalai,296,50,245,0,1,0,0,0,0,,
610,TR,Tripura,TR_Gomati,Gomati,331,122,208,0,1,0,0,0,0,,
611,TR,Tripura,TR_Khowai,Khowai,219,129,88,2,0,0,0,0,0,,
612,TR,Tripura,TR_North Tripura,North Tripura,115,62,47,0,6,0,0,0,0,,
613,TR,Tripura,TR_Sipahijala,Sipahijala,673,84,589,0,0,0,0,0,0,,
614,TR,Tripura,TR_South Tripura,South Tripura,174,36,137,0,1,0,0,0,0,,
615,TR,Tripura,TR_Unokoti,Unokoti,93,20,73,0,0,0,0,0,0,,
616,TR,Tripura,TR_West Tripura,West Tripura,380,157,217,1,5,0,0,0,0,,
617,UP,Uttar Pradesh,UP_Agra,Agra,1441,153,1192,96,0,0,0,0,0,,
618,UP,Uttar Pradesh,UP_Aligarh,Aligarh,829,400,404,25,0,0,0,0,0,,
619,UP,Uttar Pradesh,UP_Ambedkar Nagar,Ambedkar Nagar,146,17,124,5,0,0,0,0,0,,
620,UP,Uttar Pradesh,UP_Amethi,Amethi,324,13,310,1,0,0,0,0,0,,
621,UP,Uttar Pradesh,UP_Amroha,Amroha,266,135,122,9,0,0,0,0,0,,
622,UP,Uttar Pradesh,UP_Auraiya,Auraiya,129,23,104,2,0,0,0,0,0,,
765,UP,Uttar Pradesh,UP_Ayodhya,Ayodhya,556,232,318,6,0,0,0,0,0,,
623,UP,Uttar Pradesh,UP_Azamgarh,Azamgarh,403,125,268,10,0,0,0,0,0,,
624,UP,Uttar Pradesh,UP_Baghpat,Baghpat,487,149,331,7,0,0,0,0,0,,
625,UP,Uttar Pradesh,UP_Bahraich,Bahraich,196,62,133,1,0,0,0,0,0,,
626,UP,Uttar Pradesh,UP_Ballia,Ballia,611,320,286,5,0,0,0,0,0,,
627,UP,Uttar Pradesh,UP_Balrampur,Balrampur,124,34,87,3,0,0,0,0,0,,
628,UP,Uttar Pradesh,UP_Banda,Banda,100,48,52,0,0,0,0,0,0,,
629,UP,Uttar Pradesh,UP_Barabanki,Barabanki,662,180,479,3,0,0,0,0,0,,
630,UP,Uttar Pradesh,UP_Bareilly,Bareilly,743,439,285,19,0,0,0,0,0,,
631,UP,Uttar Pradesh,UP_Basti,Basti,481,107,357,17,0,0,0,0,0,,
632,UP,Uttar Pradesh,UP_Bhadohi,Bhadohi,228,81,146,1,0,0,0,0,0,,
633,UP,Uttar Pradesh,UP_Bijnor,Bijnor,438,101,331,6,0,0,0,0,0,,
634,UP,Uttar Pradesh,UP_Budaun,Budaun,244,73,169,2,0,0,0,0,0,,
635,UP,Uttar Pradesh,UP_Bulandshahr,Bulandshahr,980,237,718,25,0,0,0,0,0,,
636,UP,Uttar Pradesh,UP_Chandauli,Chandauli,420,248,168,4,0,0,0,0,0,,
637,UP,Uttar Pradesh,UP_Chitrakoot,Chitrakoot,113,13,98,2,0,0,0,0,0,,
638,UP,Uttar Pradesh,UP_Deoria,Deoria,516,257,255,4,0,0,0,0,0,,
639,UP,Uttar Pradesh,UP_Etah,Etah,181,57,114,10,0,0,0,0,0,,
640,UP,Uttar Pradesh,UP_Etawah,Etawah,428,124,285,19,0,0,0,0,0,,
642,UP,Uttar Pradesh,UP_Farrukhabad,Farrukhabad,297,96,192,9,0,0,0,0,0,,
643,UP,Uttar Pradesh,UP_Fatehpur,Fatehpur,249,84,159,6,0,0,0,0,0,,
644,UP,Uttar Pradesh,UP_Firozabad,Firozabad,585,49,502,34,0,0,0,0,0,,
645,UP,Uttar Pradesh,UP_Gautam Buddha Nagar,Gautam Buddha Nagar,3862,947,2878,37,0,0,0,0,0,,
646,UP,Uttar Pradesh,UP_Ghaziabad,Ghaziabad,3765,1497,2205,63,0,0,0,0,0,,
647,UP,Uttar Pradesh,UP_Ghazipur,Ghazipur,431,59,366,6,0,0,0,0,0,,
648,UP,Uttar Pradesh,UP_Gonda,Gonda,254,70,177,7,0,0,0,0,0,,
649,UP,Uttar Pradesh,UP_Gorakhpur,Gorakhpur,864,398,447,19,0,0,0,0,0,,
650,UP,Uttar Pradesh,UP_Hamirpur,Hamirpur,134,46,86,2,0,0,0,0,0,,
651,UP,Uttar Pradesh,UP_Hapur,Hapur,963,242,703,18,0,0,0,0,0,,
652,UP,Uttar Pradesh,UP_Hardoi,Hardoi,454,205,242,7,0,0,0,0,0,,
653,UP,Uttar Pradesh,UP_Hathras,Hathras,219,26,189,4,0,0,0,0,0,,
654,UP,Uttar Pradesh,UP_Jalaun,Jalaun,217,23,186,8,0,0,0,0,0,,
655,UP,Uttar Pradesh,UP_Jaunpur,Jaunpur,756,189,556,11,0,0,0,0,0,,
656,UP,Uttar Pradesh,UP_Jhansi,Jhansi,916,620,254,42,0,0,0,0,0,,
657,UP,Uttar Pradesh,UP_Kannauj,Kannauj,364,100,261,3,0,0,0,0,0,,
658,UP,Uttar Pradesh,UP_Kanpur Dehat,Kanpur Dehat,97,32,64,1,0,0,0,0,0,,
659,UP,Uttar Pradesh,UP_Kanpur Nagar,Kanpur Nagar,2051,735,1214,102,0,0,0,0,0,,
660,UP,Uttar Pradesh,UP_Kasganj,Kasganj,210,98,112,0,0,0,0,0,0,,
661,UP,Uttar Pradesh,UP_Kaushambi,Kaushambi,260,101,158,1,0,0,0,0,0,,
663,UP,Uttar Pradesh,UP_Kushinagar,Kushinagar,336,168,161,7,0,0,0,0,0,,
662,UP,Uttar Pradesh,UP_Lakhimpur Kheri,Lakhimpur Kheri,193,66,127,0,0,0,0,0,0,,
664,UP,Uttar Pradesh,UP_Lalitpur,Lalitpur,85,73,9,3,0,0,0,0,0,,
665,UP,Uttar Pradesh,UP_Lucknow,Lucknow,3235,1971,1221,43,0,0,0,0,0,,
667,UP,Uttar Pradesh,UP_Maharajganj,Maharajganj,307,105,199,3,0,0,0,0,0,,
666,UP,Uttar Pradesh,UP_Mahoba,Mahoba,107,46,59,2,0,0,0,0,0,,
668,UP,Uttar Pradesh,UP_Mainpuri,Mainpuri,384,109,264,11,0,0,0,0,0,,
669,UP,Uttar Pradesh,UP_Mathura,Mathura,566,175,366,25,0,0,0,0,0,,
670,UP,Uttar Pradesh,UP_Mau,Mau,305,187,114,4,0,0,0,0,0,,
671,UP,Uttar Pradesh,UP_Meerut,Meerut,1724,485,1146,93,0,0,0,0,0,,
672,UP,Uttar Pradesh,UP_Mirzapur,Mirzapur,269,115,150,4,0,0,0,0,0,,
673,UP,Uttar Pradesh,UP_Moradabad,Moradabad,884,351,500,33,0,0,0,0,0,,
674,UP,Uttar Pradesh,UP_Muzaffarnagar,Muzaffarnagar,504,170,319,15,0,0,0,0,0,,
675,UP,Uttar Pradesh,UP_Pilibhit,Pilibhit,193,46,147,0,0,0,0,0,0,,
676,UP,Uttar Pradesh,UP_Pratapgarh,Pratapgarh,155,30,115,10,0,0,0,0,0,,
677,UP,Uttar Pradesh,UP_Prayagraj,Prayagraj,747,324,396,27,0,0,0,0,0,,
678,UP,Uttar Pradesh,UP_Rae Bareli,Rae Bareli,203,54,145,4,0,0,0,0,0,,
679,UP,Uttar Pradesh,UP_Rampur,Rampur,476,101,368,7,0,0,0,0,0,,
680,UP,Uttar Pradesh,UP_Saharanpur,Saharanpur,602,163,435,4,0,0,0,0,0,,
681,UP,Uttar Pradesh,UP_Sambhal,Sambhal,654,250,392,12,0,0,0,0,0,,
682,UP,Uttar Pradesh,UP_Sant Kabir Nagar,Sant Kabir Nagar,485,199,279,7,0,0,0,0,0,,
683,UP,Uttar Pradesh,UP_Shahjahanpur,Shahjahanpur,257,116,140,1,0,0,0,0,0,,
684,UP,Uttar Pradesh,UP_Shamli,Shamli,224,48,171,5,0,0,0,0,0,,
685,UP,Uttar Pradesh,UP_Shrawasti,Shrawasti,96,22,72,2,0,0,0,0,0,,
686,UP,Uttar Pradesh,UP_Siddharthnagar,Siddharthnagar,344,70,264,10,0,0,0,0,0,,
687,UP,Uttar Pradesh,UP_Sitapur,Sitapur,114,49,64,1,0,0,0,0,0,,
688,UP,Uttar Pradesh,UP_Sonbhadra,Sonbhadra,193,151,41,1,0,0,0,0,0,,
689,UP,Uttar Pradesh,UP_Sultanpur,Sultanpur,317,109,200,8,0,0,0,0,0,,
690,UP,Uttar Pradesh,UP_Unnao,Unnao,393,202,187,4,0,0,0,0,0,,
691,UP,Uttar Pradesh,UP_Varanasi,Varanasi,1095,520,537,38,0,0,0,0,0,,
692,UT,Uttarakhand,UT_Almora,Almora,203,2,198,2,1,0,0,0,0,,
693,UT,Uttarakhand,UT_Bageshwar,Bageshwar,95,2,92,1,0,0,0,0,0,,
694,UT,Uttarakhand,UT_Chamoli,Chamoli,81,5,76,0,0,0,0,0,0,,
695,UT,Uttarakhand,UT_Champawat,Champawat,73,17,55,1,0,0,0,0,0,,
696,UT,Uttarakhand,UT_Dehradun,Dehradun,961,200,711,28,22,0,0,0,0,,
697,UT,Uttarakhand,UT_Haridwar,Haridwar,434,115,311,0,8,0,0,0,0,,
698,UT,Uttarakhand,UT_Nainital,Nainital,641,175,458,7,1,0,0,0,0,,
699,UT,Uttarakhand,UT_Pauri Garhwal,Pauri Garhwal,176,20,151,4,1,0,0,0,0,,
700,UT,Uttarakhand,UT_Pithoragarh,Pithoragarh,77,12,65,0,0,0,0,0,0,,
701,UT,Uttarakhand,UT_Rudraprayag,Rudraprayag,67,1,65,1,0,0,0,0,0,,
702,UT,Uttarakhand,UT_Tehri Garhwal,Tehri Garhwal,447,21,424,2,0,0,0,0,0,,
703,UT,Uttarakhand,UT_Udham Singh Nagar,Udham Singh Nagar,625,316,306,3,0,0,0,0,0,,
704,UT,Uttarakhand,UT_Uttarkashi,Uttarkashi,102,18,83,1,0,0,0,0,0,,
705,WB,West Bengal,WB_Alipurduar,Alipurduar,209,19,190,0,0,0,0,0,0,,
706,WB,West Bengal,WB_Bankura,Bankura,339,66,273,0,0,0,0,0,0,,
707,WB,West Bengal,WB_Birbhum,Birbhum,349,36,310,3,0,0,0,0,0,,
708,WB,West Bengal,WB_Cooch Behar,Cooch Behar,387,72,315,0,0,0,0,0,0,,
709,WB,West Bengal,WB_Dakshin Dinajpur,Dakshin Dinajpur,463,179,282,2,0,0,0,0,0,,
710,WB,West Bengal,WB_Darjeeling,Darjeeling,1093,414,665,14,0,0,0,0,0,,
711,WB,West Bengal,WB_Hooghly,Hooghly,1768,552,1181,35,0,0,0,0,0,,
712,WB,West Bengal,WB_Howrah,Howrah,4573,1455,2980,138,0,0,0,0,0,,
713,WB,West Bengal,WB_Jalpaiguri,Jalpaiguri,634,225,406,3,0,0,0,0,0,,
714,WB,West Bengal,WB_Jhargram,Jhargram,28,3,25,0,0,0,0,0,0,,
715,WB,West Bengal,WB_Kalimpong,Kalimpong,59,3,55,1,0,0,0,0,0,,
716,WB,West Bengal,WB_Kolkata,Kolkata,11471,4512,6422,537,0,0,0,0,0,,
717,WB,West Bengal,WB_Malda,Malda,1453,559,887,7,0,0,0,0,0,,
719,WB,West Bengal,WB_Murshidabad,Murshidabad,420,129,286,5,0,0,0,0,0,,
720,WB,West Bengal,WB_Nadia,Nadia,472,102,362,8,0,0,0,0,0,,
721,WB,West Bengal,WB_North 24 Parganas,North 24 Parganas,7035,3224,3618,193,0,0,0,0,0,,
0,WB,West Bengal,WB_Other State,Other State,66,0,63,3,0,0,0,0,0,,
722,WB,West Bengal,WB_Paschim Bardhaman,Paschim Bardhaman,292,127,158,7,0,0,0,0,0,,
718,WB,West Bengal,WB_Paschim Medinipur,Paschim Medinipur,607,186,412,9,0,0,0,0,0,,
723,WB,West Bengal,WB_Purba Bardhaman,Purba Bardhaman,293,98,192,3,0,0,0,0,0,,
724,WB,West Bengal,WB_Purba Medinipur,Purba Medinipur,704,265,431,8,0,0,0,0,0,,
725,WB,West Bengal,WB_Purulia,Purulia,121,18,103,0,0,0,0,0,0,,
726,WB,West Bengal,WB_South 24 Parganas,South 24 Parganas,2786,1280,1460,46,0,0,0,0,0,,
727,WB,West Bengal,WB_Uttar Dinajpur,Uttar Dinajpur,495,155,339,1,0,0,0,0,0,,
728,AN,Andaman and Nicobar Islands,AN_Unknown,Unknown,128,28,100,0,0,0,0,0,0,,
729,AP,Andhra Pradesh,AP_Unknown,Unknown,0,0,0,0,0,0,0,0,0,,
730,AR,Arunachal Pradesh,AR_Unknown,Unknown,0,0,0,0,0,0,0,0,0,,
731,AS,Assam,AS_Unknown,Unknown,4080,-491,4559,9,3,0,0,0,0,,
732,BR,Bihar,BR_Unknown,Unknown,0,0,0,0,0,0,0,0,0,,
733,CH,Chandigarh,CH_Unknown,Unknown,0,0,0,0,0,0,0,0,0,,
734,CT,Chhattisgarh,CT_Unknown,Unknown,0,0,0,0,0,0,0,0,0,,
735,DN,Dadra and Nagar Haveli and Daman and Diu,DN_Unknown,Unknown,0,0,0,0,0,0,0,0,0,,
737,DL,Delhi,DL_Unknown,Unknown,117857,16620,97693,3544,0,0,0,0,0,,
738,GA,Goa,GA_Unknown,Unknown,751,0,751,0,0,0,0,0,0,,
739,GJ,Gujarat,GJ_Unknown,Unknown,0,0,0,0,0,0,0,0,0,,
740,HR,Haryana,HR_Unknown,Unknown,0,0,0,0,0,0,0,0,0,,
741,HP,Himachal Pradesh,HP_Unknown,Unknown,0,0,0,0,0,0,0,0,0,,
742,JK,Jammu and Kashmir,JK_Unknown,Unknown,0,0,0,0,0,0,0,0,0,,
743,JH,Jharkhand,JH_Unknown,Unknown,0,0,0,0,0,0,0,0,0,,
744,KA,Karnataka,KA_Unknown,Unknown,0,0,0,0,0,0,0,0,0,,
745,KL,Kerala,KL_Unknown,Unknown,0,0,0,0,0,0,0,0,0,,
746,LA,Ladakh,LA_Unknown,Unknown,0,0,0,0,0,0,0,0,0,,
747,LD,Lakshadweep,LD_Unknown,Unknown,0,0,0,0,0,0,0,0,0,,
748,MP,Madhya Pradesh,MP_Unknown,Unknown,0,0,0,0,0,0,0,0,0,,
749,MH,Maharashtra,MH_Unknown,Unknown,0,0,0,0,0,0,0,0,0,,
750,MN,Manipur,MN_Unknown,Unknown,0,-736,736,0,0,0,0,0,0,,
751,ML,Meghalaya,ML_Unknown,Unknown,14,0,14,0,0,0,0,0,0,,
752,MZ,Mizoram,MZ_Unknown,Unknown,0,0,0,0,0,0,0,0,0,,
753,NL,Nagaland,NL_Unknown,Unknown,0,-272,272,0,0,0,0,0,0,,
754,OR,Odisha,OR_Unknown,Unknown,0,0,0,0,0,0,0,0,0,,
755,PY,Puducherry,PY_Unknown,Unknown,0,0,0,0,0,0,0,0,0,,
756,PB,Punjab,PB_Unknown,Unknown,0,0,0,0,0,0,0,0,0,,
757,RJ,Rajasthan,RJ_Unknown,Unknown,0,0,0,0,0,0,0,0,0,,
758,SK,Sikkim,SK_Unknown,Unknown,0,-1,1,0,0,0,0,0,0,,
759,TN,Tamil Nadu,TN_Unknown,Unknown,0,0,0,0,0,0,0,0,0,,
760,TG,Telangana,TG_Unknown,Unknown,456,-26654,26744,366,0,0,0,0,0,,
761,TR,Tripura,TR_Unknown,Unknown,98,65,33,0,0,0,0,0,0,,
762,UP,Uttar Pradesh,UP_Unknown,Unknown,0,0,0,0,0,0,0,0,0,,
763,UT,Uttarakhand,UT_Unknown,Unknown,0,0,0,0,0,0,0,0,0,,
764,WB,West Bengal,WB_Unknown,Unknown,0,0,0,0,0,0,0,0,0,,
